Wall time,Step,Value
1543892505.2729692,50,9167.0
1543892517.8831446,100,9167.0
1543892528.9821525,150,9167.0
1543892541.3585637,200,9167.0
1543892552.8279626,250,9167.0
1543892563.793727,300,9167.0
1543892579.9783027,350,9911.0
1543892591.748181,400,9911.0
1543892603.0758033,450,9911.0
1543892616.574907,500,9911.0
1543892628.9907124,550,9911.0
1543892641.378506,600,9911.0
1543892653.783967,650,9911.0
1543892665.7372746,700,9911.0
1543892679.300238,750,9911.0
1543892693.9848876,800,9911.0
1543892706.6336865,850,9911.0
1543892718.5088336,900,9911.0
1543892728.7609847,950,9911.0
1543892739.6876006,1000,9911.0
1543892751.269824,1050,9911.0
1543892765.0820491,1100,9911.0
1543892778.3205914,1150,9911.0
1543892790.3113456,1200,9911.0
1543892803.6751783,1250,9911.0
1543892816.8012033,1300,9911.0
1543892828.5139418,1350,9911.0
1543892841.0134392,1400,9911.0
1543892854.5308926,1450,9911.0
1543892868.4362526,1500,9911.0
1543892878.9634497,1550,9911.0
1543892892.1676533,1600,9911.0
1543892906.7468052,1650,9911.0
1543892919.1561067,1700,9911.0
1543892931.9320738,1750,9911.0
1543892944.8438323,1800,9911.0
1543892956.9278579,1850,9911.0
1543892969.49217,1900,9911.0
1543892983.482474,1950,9911.0
