Wall time,Step,Value
1543892505.35707,50,88.8148193359375
1543892517.9681184,100,128.56658935546875
1543892529.0685282,150,146.29843139648438
1543892541.4450934,200,131.04920959472656
1543892552.9143214,250,141.60098266601562
1543892563.8827145,300,148.18800354003906
1543892580.0804372,350,100.40840148925781
1543892591.8410974,400,138.10667419433594
1543892603.1668222,450,143.6804656982422
1543892616.6651995,500,120.1043701171875
1543892629.0842614,550,130.73855590820312
1543892641.470957,600,131.03028869628906
1543892653.8758507,650,130.8318328857422
1543892665.8286736,700,135.9146270751953
1543892679.3926692,750,119.49530792236328
1543892694.0750256,800,110.29425811767578
1543892706.7282004,850,128.32611083984375
1543892718.6063263,900,136.87591552734375
1543892728.8522067,950,158.91896057128906
1543892739.77997,1000,148.8512420654297
1543892751.3651125,1050,140.31661987304688
1543892765.1734319,1100,117.39053344726562
1543892778.4132245,1150,122.52459716796875
1543892790.4030726,1200,135.51803588867188
1543892803.7668076,1250,121.36347198486328
1543892816.8955579,1300,123.5739974975586
1543892828.605831,1350,138.7895050048828
1543892841.1057227,1400,129.9227294921875
1543892854.6212664,1450,119.9281234741211
1543892868.5308764,1500,116.52214050292969
1543892879.0550792,1550,154.667236328125
1543892892.2586918,1600,122.8585433959961
1543892906.8385181,1650,111.11422729492188
1543892919.251851,1700,130.83584594726562
1543892932.0239546,1750,127.0346908569336
1543892944.936698,1800,125.69084930419922
1543892957.0180857,1850,134.4339141845703
1543892969.5853786,1900,129.1866912841797
1543892983.5774453,1950,115.87943267822266
