Wall time,Step,Value
1543893998.427136,50,93.24004364013672
1543894010.3741343,100,135.79783630371094
1543894021.0159583,150,152.72520446777344
1543894032.2028067,200,145.24533081054688
1543894042.4405162,250,158.8474884033203
1543894052.5503812,300,160.99139404296875
1543894066.1193843,350,119.58709716796875
1543894077.134701,400,147.5904083251953
1543894087.818793,450,152.28353881835938
1543894100.4279926,500,128.69650268554688
1543894113.2230587,550,126.7514877319336
1543894124.539178,600,143.74551391601562
1543894136.6534617,650,133.9977264404297
1543894148.7617626,700,134.06231689453125
1543894161.3535452,750,128.9309539794922
1543894174.4411845,800,123.91612243652344
1543894185.9853623,850,140.74313354492188
1543894197.038352,900,147.0501708984375
1543894206.8765337,950,165.6103973388672
1543894217.3807313,1000,154.93905639648438
1543894227.8461895,1050,155.57334899902344
1543894240.3700657,1100,129.6182861328125
1543894252.057251,1150,138.98963928222656
1543894263.6092935,1200,140.62747192382812
1543894275.5743601,1250,135.718505859375
1543894287.4602127,1300,136.66683959960938
1543894298.1939037,1350,151.5939178466797
1543894309.364107,1400,145.48974609375
1543894321.8801591,1450,129.67254638671875
1543894334.7808716,1500,125.78782653808594
1543894344.6107936,1550,165.67742919921875
1543894356.533064,1600,136.29522705078125
1543894369.1731763,1650,128.404296875
1543894380.7573805,1700,140.2069854736328
1543894392.5220523,1750,138.09713745117188
1543894404.0751095,1800,140.59579467773438
1543894415.1789825,1850,146.44969177246094
1543894426.9953132,1900,137.50474548339844
1543894439.8660588,1950,126.04242706298828
