Wall time,Step,Value
1542870069.674872,50,55.93899154663086
1542870075.3323617,100,71.36651611328125
1542870080.903117,150,72.47210693359375
1542870084.997542,200,98.94181060791016
1542870088.7553046,250,108.05268859863281
1542870092.9420881,300,96.83104705810547
1542870097.6509984,350,85.93549346923828
1542870102.8191063,400,78.17955780029297
1542870107.82787,450,80.7514877319336
