Wall time,Step,Value
1542860482.7401364,50,4825.0
1542860492.4266071,100,4825.0
1542860501.250479,150,4825.0
1542860509.01771,200,4825.0
1542860516.9667835,250,4825.0
1542860525.0677674,300,4825.0
1542860533.6898108,350,4825.0
1542860541.7716255,400,4825.0
1542860549.7784047,450,4825.0
