Wall time,Step,Value
1542860329.9980843,50,172.43658447265625
1542860336.1972191,100,261.1177673339844
1542860342.0117793,150,278.43170166015625
1542860347.4202352,200,300.2626647949219
1542860352.7685053,250,303.09124755859375
1542860357.853575,300,319.8351135253906
1542860364.373414,350,248.16696166992188
1542860369.9373536,400,291.4828186035156
1542860376.2003915,450,258.4387512207031
