Wall time,Step,Value
1543895826.6728365,50,479.01580810546875
1543895834.2942138,100,534.2045288085938
1543895842.3683708,150,503.65509033203125
1543895850.607468,200,493.4804992675781
1543895858.094367,250,543.8911743164062
1543895866.4466496,300,486.5997009277344
1543895874.2479956,350,521.8167114257812
1543895883.46785,400,440.0124816894531
1543895891.8292274,450,486.2288513183594
1543895899.638772,500,521.3419799804688
1543895907.8531907,550,495.0415954589844
1543895916.636317,600,462.8147888183594
1543895925.5047393,650,458.28350830078125
1543895934.4032238,700,456.4607238769531
1543895943.011793,750,472.0972900390625
1543895951.0569472,800,505.4878234863281
1543895959.687972,850,471.37890625
1543895968.339376,900,469.70269775390625
1543895976.7045126,950,485.9466857910156
1543895984.4660444,1000,524.3621826171875
1543895992.3283343,1050,517.8440551757812
1543896000.7192228,1100,484.7784729003906
1543896008.489827,1150,523.633544921875
1543896016.7310755,1200,493.4535827636719
1543896024.7605872,1250,506.3084411621094
1543896032.0638125,1300,557.658935546875
1543896039.9096973,1350,518.8992309570312
1543896047.2074933,1400,558.3239135742188
1543896055.3468454,1450,499.4457092285156
1543896063.5499644,1500,495.5191345214844
1543896072.5438886,1550,451.238037109375
1543896079.9489472,1600,550.6034545898438
1543896087.0013518,1650,578.5279541015625
1543896095.9039052,1700,456.6415710449219
1543896102.976274,1750,578.2503662109375
1543896111.2139292,1800,493.6877136230469
1543896119.0340657,1850,520.8609619140625
1543896128.567129,1900,425.45068359375
1543896137.1488183,1950,473.30401611328125
