Wall time,Step,Value
1542859137.4605262,50,30.656635284423828
1542859143.4037185,100,34.18172836303711
1542859147.4010758,150,50.91211700439453
1542859151.4477077,200,50.31078338623047
1542859155.129726,250,55.394439697265625
1542859159.711435,300,44.37733459472656
1542859163.414509,350,55.09267807006836
1542859167.2560813,400,53.06853103637695
1542859171.3242095,450,50.069149017333984
